x_position,y_position
145.9523473,58.89777788
368.527359,205
79.59511649,16.27023682
200,160
100,119.0128292
300.7736987,50
58.45118525,118.6288087
410,153.2985733
380,160.3192901
265,184.2421558
